fid;plot_label;Row;Range;Variety;Treatment;Rep;Experiment;Year
567;Fill_222;-10;-1;Variety_45;Fill;Variety_45;Fill;2021
565;Fill_221;-10;0;Variety_45;Fill;Variety_45;Fill;2021
551;Fill_206;-10;1;Variety_45;Fill;Variety_45;Fill;2021
552;Fill_207;-10;2;Variety_45;Fill;Variety_45;Fill;2021
553;Fill_208;-10;3;Variety_45;Fill;Variety_45;Fill;2021
554;Fill_209;-10;4;Variety_45;Fill;Variety_45;Fill;2021
555;Fill_210;-10;5;Variety_45;Fill;Variety_45;Fill;2021
556;Fill_211;-10;6;Variety_45;Fill;Variety_45;Fill;2021
557;Fill_212;-10;7;Variety_45;Fill;Variety_45;Fill;2021
558;Fill_213;-10;8;Variety_45;Fill;Variety_45;Fill;2021
559;Fill_214;-10;9;Variety_45;Fill;Variety_45;Fill;2021
560;Fill_215;-10;10;Variety_45;Fill;Variety_45;Fill;2021
566;Fill_220;-9;-1;Variety_45;Fill;Variety_45;Fill;2021
564;Fill_219;-9;0;Variety_45;Fill;Variety_45;Fill;2021
541;Fill_196;-9;1;Variety_45;Fill;Variety_45;Fill;2021
542;Fill_197;-9;2;Variety_45;Fill;Variety_45;Fill;2021
543;Fill_198;-9;3;Variety_45;Fill;Variety_45;Fill;2021
544;Fill_199;-9;4;Variety_45;Fill;Variety_45;Fill;2021
545;Fill_200;-9;5;Variety_45;Fill;Variety_45;Fill;2021
546;Fill_201;-9;6;Variety_45;Fill;Variety_45;Fill;2021
547;Fill_202;-9;7;Variety_45;Fill;Variety_45;Fill;2021
548;Fill_203;-9;8;Variety_45;Fill;Variety_45;Fill;2021
549;Fill_204;-9;9;Variety_45;Fill;Variety_45;Fill;2021
550;Fill_205;-9;10;Variety_45;Fill;Variety_45;Fill;2021
282;12_Experiment2_21;-8;-1;Variety_28;Fill;rep1;Experiment2;2021
281;11_Experiment2_21;-8;0;Variety_10;Fill;rep1;Experiment2;2021
280;10_Experiment2_21;-8;1;Variety_31;Fill;rep1;Experiment2;2021
279;9_Experiment2_21;-8;2;Variety_16;Fill;rep1;Experiment2;2021
278;8_Experiment2_21;-8;3;Variety_30;Fill;rep2;Experiment2;2021
277;7_Experiment2_21;-8;4;Variety_32;Fill;rep2;Experiment2;2021
276;6_Experiment2_21;-8;5;Variety_31;Fill;rep2;Experiment2;2021
275;5_Experiment2_21;-8;6;Variety_11;Fill;rep2;Experiment2;2021
274;4_Experiment2_21;-8;7;Variety_30;Fill;rep3;Experiment2;2021
273;3_Experiment2_21;-8;8;Variety_4;Fill;rep3;Experiment2;2021
272;2_Experiment2_21;-8;9;Variety_11;Fill;rep3;Experiment2;2021
271;1_Experiment2_21;-8;10;Variety_31;Fill;rep3;Experiment2;2021
283;13_Experiment2_21;-7;-1;Variety_33;Fill;rep1;Experiment2;2021
284;14_Experiment2_21;-7;0;Variety_34;Fill;rep1;Experiment2;2021
285;15_Experiment2_21;-7;1;Variety_11;Fill;rep1;Experiment2;2021
286;16_Experiment2_21;-7;2;Variety_35;Fill;rep1;Experiment2;2021
287;17_Experiment2_21;-7;3;Variety_20;Fill;rep2;Experiment2;2021
288;18_Experiment2_21;-7;4;Variety_18;Fill;rep2;Experiment2;2021
289;19_Experiment2_21;-7;5;Variety_16;Fill;rep2;Experiment2;2021
290;20_Experiment2_21;-7;6;Variety_35;Fill;rep2;Experiment2;2021
291;21_Experiment2_21;-7;7;Variety_35;Fill;rep3;Experiment2;2021
292;22_Experiment2_21;-7;8;Variety_20;Fill;rep3;Experiment2;2021
293;23_Experiment2_21;-7;9;Variety_16;Fill;rep3;Experiment2;2021
294;24_Experiment2_21;-7;10;Variety_18;Fill;rep3;Experiment2;2021
306;36_Experiment2_21;-6;-1;Variety_38;Fill;rep1;Experiment2;2021
305;35_Experiment2_21;-6;0;Variety_37;Fill;rep1;Experiment2;2021
304;34_Experiment2_21;-6;1;Variety_32;Fill;rep1;Experiment2;2021
303;33_Experiment2_21;-6;2;Variety_18;Fill;rep1;Experiment2;2021
302;32_Experiment2_21;-6;3;Variety_36;Fill;rep2;Experiment2;2021
301;31_Experiment2_21;-6;4;Variety_37;Fill;rep2;Experiment2;2021
300;30_Experiment2_21;-6;5;Variety_10;Fill;rep2;Experiment2;2021
299;29_Experiment2_21;-6;6;Variety_34;Fill;rep2;Experiment2;2021
298;28_Experiment2_21;-6;7;Variety_10;Fill;rep3;Experiment2;2021
297;27_Experiment2_21;-6;8;Variety_34;Fill;rep3;Experiment2;2021
296;26_Experiment2_21;-6;9;Variety_37;Fill;rep3;Experiment2;2021
295;25_Experiment2_21;-6;10;Variety_36;Fill;rep3;Experiment2;2021
307;37_Experiment2_21;-5;-1;Variety_39;Fill;rep1;Experiment2;2021
308;38_Experiment2_21;-5;0;Variety_36;Fill;rep1;Experiment2;2021
309;39_Experiment2_21;-5;1;Variety_30;Fill;rep1;Experiment2;2021
310;40_Experiment2_21;-5;2;Variety_20;Fill;rep1;Experiment2;2021
311;41_Experiment2_21;-5;3;Variety_39;Fill;rep2;Experiment2;2021
312;42_Experiment2_21;-5;4;Variety_38;Fill;rep2;Experiment2;2021
313;43_Experiment2_21;-5;5;Variety_28;Fill;rep2;Experiment2;2021
314;44_Experiment2_21;-5;6;Variety_33;Fill;rep2;Experiment2;2021
315;45_Experiment2_21;-5;7;Variety_38;Fill;rep3;Experiment2;2021
316;46_Experiment2_21;-5;8;Variety_28;Fill;rep3;Experiment2;2021
317;47_Experiment2_21;-5;9;Variety_39;Fill;rep3;Experiment2;2021
318;48_Experiment2_21;-5;10;Variety_33;Fill;rep3;Experiment2;2021
385;Fill_001;-4;-1;Variety_45;Fill;Variety_45;Fill;2021
346;Fill_040;-4;0;Variety_45;Fill;Variety_45;Fill;2021
563;Fill_218;-4;1;Variety_45;Fill;Variety_45;Fill;2021
327;57_Experiment321;-4;2;Variety_40 ;Fill;rep1;Experiment3;2021
326;56_Experiment321;-4;3;Variety_42;Fill;rep1;Experiment3;2021
325;55_Multiplication_21;-4;4;Variety_5;Fill;multi;Multiplication;2021
324;54_Experiment321;-4;5;Variety_40 ;Fill;rep2;Experiment3;2021
323;53_Experiment321;-4;6;Variety_5;Fill;rep2;Experiment3;2021
322;52_Experiment321;-4;7;Variety_41;Fill;rep2;Experiment3;2021
321;51_Experiment321;-4;8;Variety_41;Fill;rep3;Experiment3;2021
320;50_Experiment321;-4;9;Variety_5;Fill;rep3;Experiment3;2021
319;49_Experiment321;-4;10;Variety_40 ;Fill;rep3;Experiment3;2021
386;Fill_002;-3;-1;Variety_45;Fill;Variety_45;Fill;2021
347;Fill_041;-3;0;Variety_45;Fill;Variety_45;Fill;2021
562;Fill_217;-3;1;Variety_45;Fill;Variety_45;Fill;2021
328;58_Experiment321;-3;2;Variety_5;Fill;rep1;Experiment3;2021
329;59_Multiplication_21;-3;3;Variety_28;Fill;multi;Multiplication;2021
330;60_Experiment321;-3;4;Variety_43;Fill;rep1;Experiment3;2021
331;61_Experiment321;-3;5;Variety_42;Fill;rep2;Experiment3;2021
332;62_Multiplication_21;-3;6;Variety_28;Fill;multi;Multiplication;2021
333;63_Experiment321;-3;7;Variety_44;Fill;rep2;Experiment3;2021
334;64_Experiment321;-3;8;Variety_42;Fill;rep3;Experiment3;2021
335;65_Experiment321;-3;9;Variety_44;Fill;rep3;Experiment3;2021
336;66_Multiplication_21;-3;10;Variety_28;Fill;multi;Multiplication;2021
387;Fill_003;-2;-1;Variety_45;Fill;Variety_45;Fill;2021
348;Fill_042;-2;0;Variety_45;Fill;Variety_45;Fill;2021
561;Fill_216;-2;1;Variety_45;Fill;Variety_45;Fill;2021
345;75_Experiment321;-2;2;Variety_41;Fill;rep1;Experiment3;2021
344;74_Experiment321;-2;3;Variety_44;Fill;rep1;Experiment3;2021
343;73_Experiment321;-2;4;Variety_6;Fill;rep1;Experiment3;2021
342;72_Multiplication_21;-2;5;Variety_5;Fill;multi;Multiplication;2021
341;71_Experiment321;-2;6;Variety_43;Fill;rep2;Experiment3;2021
340;70_Experiment321;-2;7;Variety_6;Fill;rep2;Experiment3;2021
339;69_Experiment321;-2;8;Variety_43;Fill;rep3;Experiment3;2021
338;68_Multiplication_21;-2;9;Variety_5;Fill;multi;Multiplication;2021
337;67_Experiment321;-2;10;Variety_6;Fill;rep3;Experiment3;2021
388;Fill_004;-1;-1;Variety_45;Fill;Variety_45;Fill;2021
349;Fill_043;-1;0;Variety_45;Fill;Variety_45;Fill;2021
531;Fill_186;-1;1;Variety_45;Fill;Variety_45;Fill;2021
532;Fill_187;-1;2;Variety_45;Fill;Variety_45;Fill;2021
533;Fill_188;-1;3;Variety_45;Fill;Variety_45;Fill;2021
534;Fill_189;-1;4;Variety_45;Fill;Variety_45;Fill;2021
535;Fill_190;-1;5;Variety_45;Fill;Variety_45;Fill;2021
536;Fill_191;-1;6;Variety_45;Fill;Variety_45;Fill;2021
537;Fill_192;-1;7;Variety_45;Fill;Variety_45;Fill;2021
538;Fill_193;-1;8;Variety_45;Fill;Variety_45;Fill;2021
539;Fill_194;-1;9;Variety_45;Fill;Variety_45;Fill;2021
540;Fill_195;-1;10;Variety_45;Fill;Variety_45;Fill;2021
350;Fill_044;0;0;Variety_45;Fill;Variety_45;Fill;2021
389;Fill_005;0;-1;Variety_45;Fill;Variety_45;Fill;2021
521;Fill_176;0;1;Variety_45;Fill;Variety_45;Fill;2021
522;Fill_177;0;2;Variety_45;Fill;Variety_45;Fill;2021
523;Fill_178;0;3;Variety_45;Fill;Variety_45;Fill;2021
524;Fill_179;0;4;Variety_45;Fill;Variety_45;Fill;2021
525;Fill_180;0;5;Variety_45;Fill;Variety_45;Fill;2021
526;Fill_181;0;6;Variety_45;Fill;Variety_45;Fill;2021
527;Fill_182;0;7;Variety_45;Fill;Variety_45;Fill;2021
528;Fill_183;0;8;Variety_45;Fill;Variety_45;Fill;2021
529;Fill_184;0;9;Variety_45;Fill;Variety_45;Fill;2021
530;Fill_185;0;10;Variety_45;Fill;Variety_45;Fill;2021
1;1_Experiment121;1;10;Variety_1;Optimal;1;Experiment1;2021
2;2_Experiment121;1;9;Variety_2;Optimal;1;Experiment1;2021
3;3_Experiment121;1;8;Variety_3;Optimal;1;Experiment1;2021
4;4_Experiment121;1;7;Variety_4;Optimal;1;Experiment1;2021
5;5_Experiment121;1;6;Variety_5;Optimal;1;Experiment1;2021
6;6_Experiment121;1;5;Variety_6;Optimal;1;Experiment1;2021
7;7_Experiment121;1;4;Variety_7;Optimal;1;Experiment1;2021
8;8_Experiment121;1;3;Variety_8;Optimal;1;Experiment1;2021
9;9_Experiment121;1;2;Variety_9;Optimal;1;Experiment1;2021
10;10_Experiment121;1;1;Variety_10;Optimal;1;Experiment1;2021
351;Fill_045;1;0;Variety_45;Fill;Variety_45;Fill;2021
390;Fill_006;1;-1;Variety_45;Fill;Variety_45;Fill;2021
11;20_Experiment121;2;10;Variety_11;Optimal;1;Experiment1;2021
12;19_Experiment121;2;9;Variety_12;Optimal;1;Experiment1;2021
13;18_Experiment121;2;8;Variety_13;Optimal;1;Experiment1;2021
14;17_Experiment121;2;7;Variety_14;Optimal;1;Experiment1;2021
15;16_Experiment121;2;6;Variety_15;Optimal;1;Experiment1;2021
16;15_Experiment121;2;5;Variety_16;Optimal;1;Experiment1;2021
17;14_Experiment121;2;4;Variety_17;Optimal;1;Experiment1;2021
18;13_Experiment121;2;3;Variety_18;Optimal;1;Experiment1;2021
19;12_Experiment121;2;2;Variety_19;Optimal;1;Experiment1;2021
20;11_Experiment121;2;1;Variety_20;Optimal;1;Experiment1;2021
352;Fill_046;2;0;Variety_45;Fill;2;Fill;2021
391;Fill_007;2;-1;Variety_45;Fill;Variety_45;Fill;2021
21;21_Experiment121;3;10;Variety_21;Optimal;1;Experiment1;2021
22;22_Experiment121;3;9;Variety_22;Optimal;1;Experiment1;2021
23;23_Experiment121;3;8;Variety_23;Optimal;1;Experiment1;2021
24;24_Experiment121;3;7;Variety_24;Optimal;1;Experiment1;2021
25;25_Experiment121;3;6;Variety_25;Optimal;1;Experiment1;2021
26;26_Experiment121;3;5;Variety_26;Optimal;1;Experiment1;2021
27;27_Experiment121;3;4;Variety_27;Optimal;1;Experiment1;2021
28;28_Experiment121;3;3;Variety_28;Optimal;1;Experiment1;2021
29;29_Experiment121;3;2;Variety_29;Optimal;1;Experiment1;2021
30;30_Experiment121;3;1;Variety_30;Optimal;1;Experiment1;2021
353;Fill_047;3;0;Variety_45;Fill;3;Fill;2021
392;Fill_008;3;-1;Variety_45;Fill;3;Fill;2021
354;Fill_048;4;0;Variety_45;Fill;4;Fill;2021
393;Fill_009;4;-1;Variety_45;Fill;4;Fill;2021
511;Fill_166;4;1;Variety_45;Fill;Variety_45;Fill;2021
512;Fill_167;4;2;Variety_45;Fill;Variety_45;Fill;2021
513;Fill_168;4;3;Variety_45;Fill;Variety_45;Fill;2021
514;Fill_169;4;4;Variety_45;Fill;Variety_45;Fill;2021
515;Fill_170;4;5;Variety_45;Fill;Variety_45;Fill;2021
516;Fill_171;4;6;Variety_45;Fill;Variety_45;Fill;2021
517;Fill_172;4;7;Variety_45;Fill;Variety_45;Fill;2021
518;Fill_173;4;8;Variety_45;Fill;Variety_45;Fill;2021
519;Fill_174;4;9;Variety_45;Fill;Variety_45;Fill;2021
520;Fill_175;4;10;Variety_45;Fill;Variety_45;Fill;2021
31;40_Experiment121;5;10;Variety_6;Minimal;1;Experiment1;2021
32;39_Experiment121;5;9;Variety_11;Minimal;1;Experiment1;2021
33;38_Experiment121;5;8;Variety_25;Minimal;1;Experiment1;2021
34;37_Experiment121;5;7;Variety_18;Minimal;1;Experiment1;2021
35;36_Experiment121;5;6;Variety_21;Minimal;1;Experiment1;2021
36;35_Experiment121;5;5;Variety_17;Minimal;1;Experiment1;2021
37;34_Experiment121;5;4;Variety_5;Minimal;1;Experiment1;2021
38;33_Experiment121;5;3;Variety_12;Minimal;1;Experiment1;2021
39;32_Experiment121;5;2;Variety_7;Minimal;1;Experiment1;2021
40;31_Experiment121;5;1;Variety_29;Minimal;1;Experiment1;2021
355;Fill_049;5;0;Variety_45;Fill;Variety_45;Fill;2021
394;Fill_010;5;-1;Variety_45;Fill;Variety_45;Fill;2021
41;41_Experiment121;6;10;Variety_19;Minimal;1;Experiment1;2021
42;42_Experiment121;6;9;Variety_4;Minimal;1;Experiment1;2021
43;43_Experiment121;6;8;Variety_30;Minimal;1;Experiment1;2021
44;44_Experiment121;6;7;Variety_15;Minimal;1;Experiment1;2021
45;45_Experiment121;6;6;Variety_16;Minimal;1;Experiment1;2021
46;46_Experiment121;6;5;Variety_20;Minimal;1;Experiment1;2021
47;47_Experiment121;6;4;Variety_22;Minimal;1;Experiment1;2021
48;48_Experiment121;6;3;Variety_27;Minimal;1;Experiment1;2021
49;49_Experiment121;6;2;Variety_23;Minimal;1;Experiment1;2021
50;50_Experiment121;6;1;Variety_14;Minimal;1;Experiment1;2021
356;Fill_050;6;0;Variety_45;Fill;Variety_45;Fill;2021
395;Fill_011;6;-1;Variety_45;Fill;Variety_45;Fill;2021
51;60_Experiment121;7;10;Variety_3;Minimal;1;Experiment1;2021
52;59_Experiment121;7;9;Variety_9;Minimal;1;Experiment1;2021
53;58_Experiment121;7;8;Variety_10;Minimal;1;Experiment1;2021
54;57_Experiment121;7;7;Variety_8;Minimal;1;Experiment1;2021
55;56_Experiment121;7;6;Variety_24;Minimal;1;Experiment1;2021
56;55_Experiment121;7;5;Variety_26;Minimal;1;Experiment1;2021
57;54_Experiment121;7;4;Variety_2;Minimal;1;Experiment1;2021
58;53_Experiment121;7;3;Variety_28;Minimal;1;Experiment1;2021
59;52_Experiment121;7;2;Variety_13;Minimal;1;Experiment1;2021
60;51_Experiment121;7;1;Variety_1;Minimal;1;Experiment1;2021
357;Fill_051;7;0;Variety_45;Fill;Variety_45;Fill;2021
396;Fill_012;7;-1;Variety_45;Fill;Variety_45;Fill;2021
358;Fill_052;8;0;Variety_45;Fill;Variety_45;Fill;2021
397;Fill_013;8;-1;Variety_45;Fill;Variety_45;Fill;2021
501;Fill_156;8;1;Variety_45;Fill;Variety_45;Fill;2021
502;Fill_157;8;2;Variety_45;Fill;Variety_45;Fill;2021
503;Fill_158;8;3;Variety_45;Fill;Variety_45;Fill;2021
504;Fill_159;8;4;Variety_45;Fill;Variety_45;Fill;2021
505;Fill_160;8;5;Variety_45;Fill;Variety_45;Fill;2021
506;Fill_161;8;6;Variety_45;Fill;Variety_45;Fill;2021
507;Fill_162;8;7;Variety_45;Fill;Variety_45;Fill;2021
508;Fill_163;8;8;Variety_45;Fill;Variety_45;Fill;2021
509;Fill_164;8;9;Variety_45;Fill;Variety_45;Fill;2021
510;Fill_165;8;10;Variety_45;Fill;Variety_45;Fill;2021
61;61_Experiment121;9;10;Variety_10;Full;1;Experiment1;2021
62;62_Experiment121;9;9;Variety_16;Full;1;Experiment1;2021
63;63_Experiment121;9;8;Variety_28;Full;1;Experiment1;2021
64;64_Experiment121;9;7;Variety_24;Full;1;Experiment1;2021
65;65_Experiment121;9;6;Variety_2;Full;1;Experiment1;2021
66;66_Experiment121;9;5;Variety_7;Full;1;Experiment1;2021
67;67_Experiment121;9;4;Variety_17;Full;1;Experiment1;2021
68;68_Experiment121;9;3;Variety_25;Full;1;Experiment1;2021
69;69_Experiment121;9;2;Variety_30;Full;1;Experiment1;2021
70;70_Experiment121;9;1;Variety_20;Full;1;Experiment1;2021
359;Fill_053;9;0;Variety_45;Fill;Variety_45;Fill;2021
398;Fill_014;9;-1;Variety_45;Fill;Variety_45;Fill;2021
71;80_Experiment121;10;10;Variety_18;Full;1;Experiment1;2021
72;79_Experiment121;10;9;Variety_15;Full;1;Experiment1;2021
73;78_Experiment121;10;8;Variety_6;Full;1;Experiment1;2021
74;77_Experiment121;10;7;Variety_13;Full;1;Experiment1;2021
75;76_Experiment121;10;6;Variety_26;Full;1;Experiment1;2021
76;75_Experiment121;10;5;Variety_19;Full;1;Experiment1;2021
77;74_Experiment121;10;4;Variety_23;Full;1;Experiment1;2021
78;73_Experiment121;10;3;Variety_29;Full;1;Experiment1;2021
79;72_Experiment121;10;2;Variety_14;Full;1;Experiment1;2021
80;71_Experiment121;10;1;Variety_5;Full;1;Experiment1;2021
360;Fill_054;10;0;Variety_45;Fill;Variety_45;Fill;2021
399;Fill_015;10;-1;Variety_45;Fill;Variety_45;Fill;2021
81;81_Experiment121;11;10;Variety_3;Full;1;Experiment1;2021
82;82_Experiment121;11;9;Variety_21;Full;1;Experiment1;2021
83;83_Experiment121;11;8;Variety_11;Full;1;Experiment1;2021
84;84_Experiment121;11;7;Variety_1;Full;1;Experiment1;2021
85;85_Experiment121;11;6;Variety_22;Full;1;Experiment1;2021
86;86_Experiment121;11;5;Variety_27;Full;1;Experiment1;2021
87;87_Experiment121;11;4;Variety_9;Full;1;Experiment1;2021
88;88_Experiment121;11;3;Variety_12;Full;1;Experiment1;2021
89;89_Experiment121;11;2;Variety_8;Full;1;Experiment1;2021
90;90_Experiment121;11;1;Variety_4;Full;1;Experiment1;2021
361;Fill_055;11;0;Variety_45;Fill;Variety_45;Fill;2021
400;Fill_016;11;-1;Variety_45;Fill;Variety_45;Fill;2021
362;Fill_056;12;0;Variety_45;Fill;Variety_45;Fill;2021
401;Fill_017;12;-1;Variety_45;Fill;Variety_45;Fill;2021
491;Fill_146;12;1;Variety_45;Fill;Variety_45;Fill;2021
492;Fill_147;12;2;Variety_45;Fill;Variety_45;Fill;2021
493;Fill_148;12;3;Variety_45;Fill;Variety_45;Fill;2021
494;Fill_149;12;4;Variety_45;Fill;Variety_45;Fill;2021
495;Fill_150;12;5;Variety_45;Fill;Variety_45;Fill;2021
496;Fill_151;12;6;Variety_45;Fill;Variety_45;Fill;2021
497;Fill_152;12;7;Variety_45;Fill;Variety_45;Fill;2021
498;Fill_153;12;8;Variety_45;Fill;Variety_45;Fill;2021
499;Fill_154;12;9;Variety_45;Fill;Variety_45;Fill;2021
500;Fill_155;12;10;Variety_45;Fill;Variety_45;Fill;2021
91;100_Experiment121;13;10;Variety_18;Minimal;2;Experiment1;2021
92;99_Experiment121;13;9;Variety_20;Minimal;2;Experiment1;2021
93;98_Experiment121;13;8;Variety_4;Minimal;2;Experiment1;2021
94;97_Experiment121;13;7;Variety_11;Minimal;2;Experiment1;2021
95;96_Experiment121;13;6;Variety_5;Minimal;2;Experiment1;2021
96;95_Experiment121;13;5;Variety_6;Minimal;2;Experiment1;2021
97;94_Experiment121;13;4;Variety_9;Minimal;2;Experiment1;2021
98;93_Experiment121;13;3;Variety_10;Minimal;2;Experiment1;2021
99;92_Experiment121;13;2;Variety_3;Minimal;2;Experiment1;2021
100;91_Experiment121;13;1;Variety_16;Minimal;2;Experiment1;2021
363;Fill_057;13;0;Variety_45;Fill;Variety_45;Fill;2021
402;Fill_018;13;-1;Variety_45;Fill;Variety_45;Fill;2021
101;101_Experiment121;14;10;Variety_15;Minimal;2;Experiment1;2021
102;102_Experiment121;14;9;Variety_1;Minimal;2;Experiment1;2021
103;103_Experiment121;14;8;Variety_8;Minimal;2;Experiment1;2021
104;104_Experiment121;14;7;Variety_29;Minimal;2;Experiment1;2021
105;105_Experiment121;14;6;Variety_25;Minimal;2;Experiment1;2021
106;106_Experiment121;14;5;Variety_23;Minimal;2;Experiment1;2021
107;107_Experiment121;14;4;Variety_28;Minimal;2;Experiment1;2021
108;108_Experiment121;14;3;Variety_14;Minimal;2;Experiment1;2021
109;109_Experiment121;14;2;Variety_13;Minimal;2;Experiment1;2021
110;110_Experiment121;14;1;Variety_26;Minimal;2;Experiment1;2021
364;Fill_058;14;0;Variety_45;Fill;Variety_45;Fill;2021
403;Fill_019;14;-1;Variety_45;Fill;Variety_45;Fill;2021
111;120_Experiment121;15;10;Variety_21;Minimal;2;Experiment1;2021
112;119_Experiment121;15;9;Variety_24;Minimal;2;Experiment1;2021
113;118_Experiment121;15;8;Variety_27;Minimal;2;Experiment1;2021
114;117_Experiment121;15;7;Variety_22;Minimal;2;Experiment1;2021
115;116_Experiment121;15;6;Variety_2;Minimal;2;Experiment1;2021
116;115_Experiment121;15;5;Variety_19;Minimal;2;Experiment1;2021
117;114_Experiment121;15;4;Variety_12;Minimal;2;Experiment1;2021
118;113_Experiment121;15;3;Variety_17;Minimal;2;Experiment1;2021
119;112_Experiment121;15;2;Variety_7;Minimal;2;Experiment1;2021
120;111_Experiment121;15;1;Variety_30;Minimal;2;Experiment1;2021
365;Fill_059;15;0;Variety_45;Fill;Variety_45;Fill;2021
404;Fill_020;15;-1;Variety_45;Fill;Variety_45;Fill;2021
366;Fill_060;16;0;Variety_45;Fill;Variety_45;Fill;2021
405;Fill_021;16;-1;Variety_45;Fill;Variety_45;Fill;2021
481;Fill_136;16;1;Variety_45;Fill;Variety_45;Fill;2021
482;Fill_137;16;2;Variety_45;Fill;Variety_45;Fill;2021
483;Fill_138;16;3;Variety_45;Fill;Variety_45;Fill;2021
484;Fill_139;16;4;Variety_45;Fill;Variety_45;Fill;2021
485;Fill_140;16;5;Variety_45;Fill;Variety_45;Fill;2021
486;Fill_141;16;6;Variety_45;Fill;Variety_45;Fill;2021
487;Fill_142;16;7;Variety_45;Fill;Variety_45;Fill;2021
488;Fill_143;16;8;Variety_45;Fill;Variety_45;Fill;2021
489;Fill_144;16;9;Variety_45;Fill;Variety_45;Fill;2021
490;Fill_145;16;10;Variety_45;Fill;Variety_45;Fill;2021
121;121_Experiment121;17;10;Variety_15;Full;2;Experiment1;2021
122;122_Experiment121;17;9;Variety_3;Full;2;Experiment1;2021
123;123_Experiment121;17;8;Variety_24;Full;2;Experiment1;2021
124;124_Experiment121;17;7;Variety_17;Full;2;Experiment1;2021
125;125_Experiment121;17;6;Variety_2;Full;2;Experiment1;2021
126;126_Experiment121;17;5;Variety_20;Full;2;Experiment1;2021
127;127_Experiment121;17;4;Variety_18;Full;2;Experiment1;2021
128;128_Experiment121;17;3;Variety_22;Full;2;Experiment1;2021
129;129_Experiment121;17;2;Variety_13;Full;2;Experiment1;2021
130;130_Experiment121;17;1;Variety_29;Full;2;Experiment1;2021
367;Fill_061;17;0;Variety_45;Fill;Variety_45;Fill;2021
406;Fill_022;17;-1;Variety_45;Fill;Variety_45;Fill;2021
131;140_Experiment121;18;10;Variety_27;Full;2;Experiment1;2021
132;139_Experiment121;18;9;Variety_7;Full;2;Experiment1;2021
133;138_Experiment121;18;8;Variety_9;Full;2;Experiment1;2021
134;137_Experiment121;18;7;Variety_16;Full;2;Experiment1;2021
135;136_Experiment121;18;6;Variety_8;Full;2;Experiment1;2021
136;135_Experiment121;18;5;Variety_30;Full;2;Experiment1;2021
137;134_Experiment121;18;4;Variety_10;Full;2;Experiment1;2021
138;133_Experiment121;18;3;Variety_12;Full;2;Experiment1;2021
139;132_Experiment121;18;2;Variety_1;Full;2;Experiment1;2021
140;131_Experiment121;18;1;Variety_26;Full;2;Experiment1;2021
368;Fill_062;18;0;Variety_45;Fill;Variety_45;Fill;2021
407;Fill_023;18;-1;Variety_45;Fill;Variety_45;Fill;2021
141;141_Experiment121;19;10;Variety_28;Full;2;Experiment1;2021
142;142_Experiment121;19;9;Variety_14;Full;2;Experiment1;2021
143;143_Experiment121;19;8;Variety_21;Full;2;Experiment1;2021
144;144_Experiment121;19;7;Variety_23;Full;2;Experiment1;2021
145;145_Experiment121;19;6;Variety_25;Full;2;Experiment1;2021
146;146_Experiment121;19;5;Variety_5;Full;2;Experiment1;2021
147;147_Experiment121;19;4;Variety_19;Full;2;Experiment1;2021
148;148_Experiment121;19;3;Variety_4;Full;2;Experiment1;2021
149;149_Experiment121;19;2;Variety_6;Full;2;Experiment1;2021
150;150_Experiment121;19;1;Variety_11;Full;2;Experiment1;2021
369;Fill_063;19;0;Variety_45;Fill;Variety_45;Fill;2021
408;Fill_024;19;-1;Variety_45;Fill;Variety_45;Fill;2021
370;Fill_064;20;0;Variety_45;Fill;Variety_45;Fill;2021
409;Fill_025;20;-1;Variety_45;Fill;Variety_45;Fill;2021
471;Fill_126;20;1;Variety_45;Fill;Variety_45;Fill;2021
472;Fill_127;20;2;Variety_45;Fill;Variety_45;Fill;2021
473;Fill_128;20;3;Variety_45;Fill;Variety_45;Fill;2021
474;Fill_129;20;4;Variety_45;Fill;Variety_45;Fill;2021
475;Fill_130;20;5;Variety_45;Fill;Variety_45;Fill;2021
476;Fill_131;20;6;Variety_45;Fill;Variety_45;Fill;2021
477;Fill_132;20;7;Variety_45;Fill;Variety_45;Fill;2021
478;Fill_133;20;8;Variety_45;Fill;Variety_45;Fill;2021
479;Fill_134;20;9;Variety_45;Fill;Variety_45;Fill;2021
480;Fill_135;20;10;Variety_45;Fill;Variety_45;Fill;2021
151;160_Experiment121;21;10;Variety_25;Optimal;2;Experiment1;2021
152;159_Experiment121;21;9;Variety_19;Optimal;2;Experiment1;2021
153;158_Experiment121;21;8;Variety_27;Optimal;2;Experiment1;2021
154;157_Experiment121;21;7;Variety_28;Optimal;2;Experiment1;2021
155;156_Experiment121;21;6;Variety_24;Optimal;2;Experiment1;2021
156;155_Experiment121;21;5;Variety_1;Optimal;2;Experiment1;2021
157;154_Experiment121;21;4;Variety_5;Optimal;2;Experiment1;2021
158;153_Experiment121;21;3;Variety_22;Optimal;2;Experiment1;2021
159;152_Experiment121;21;2;Variety_10;Optimal;2;Experiment1;2021
160;151_Experiment121;21;1;Variety_13;Optimal;2;Experiment1;2021
371;Fill_065;21;0;Variety_45;Fill;Variety_45;Fill;2021
410;Fill_026;21;-1;Variety_45;Fill;Variety_45;Fill;2021
161;161_Experiment121;22;10;Variety_3;Optimal;2;Experiment1;2021
162;162_Experiment121;22;9;Variety_23;Optimal;2;Experiment1;2021
163;163_Experiment121;22;8;Variety_8;Optimal;2;Experiment1;2021
164;164_Experiment121;22;7;Variety_20;Optimal;2;Experiment1;2021
165;165_Experiment121;22;6;Variety_4;Optimal;2;Experiment1;2021
166;166_Experiment121;22;5;Variety_9;Optimal;2;Experiment1;2021
167;167_Experiment121;22;4;Variety_2;Optimal;2;Experiment1;2021
168;168_Experiment121;22;3;Variety_21;Optimal;2;Experiment1;2021
169;169_Experiment121;22;2;Variety_16;Optimal;2;Experiment1;2021
170;170_Experiment121;22;1;Variety_18;Optimal;2;Experiment1;2021
372;Fill_066;22;0;Variety_45;Fill;Variety_45;Fill;2021
411;Fill_027;22;-1;Variety_45;Fill;Variety_45;Fill;2021
171;180_Experiment121;23;10;Variety_17;Optimal;2;Experiment1;2021
172;179_Experiment121;23;9;Variety_14;Optimal;2;Experiment1;2021
173;178_Experiment121;23;8;Variety_11;Optimal;2;Experiment1;2021
174;177_Experiment121;23;7;Variety_26;Optimal;2;Experiment1;2021
175;176_Experiment121;23;6;Variety_12;Optimal;2;Experiment1;2021
176;175_Experiment121;23;5;Variety_15;Optimal;2;Experiment1;2021
177;174_Experiment121;23;4;Variety_30;Optimal;2;Experiment1;2021
178;173_Experiment121;23;3;Variety_7;Optimal;2;Experiment1;2021
179;172_Experiment121;23;2;Variety_29;Optimal;2;Experiment1;2021
180;171_Experiment121;23;1;Variety_6;Optimal;2;Experiment1;2021
373;Fill_067;23;0;Variety_45;Fill;Variety_45;Fill;2021
412;Fill_028;23;-1;Variety_45;Fill;Variety_45;Fill;2021
374;Fill_068;24;0;Variety_45;Fill;Variety_45;Fill;2021
413;Fill_029;24;-1;Variety_45;Fill;Variety_45;Fill;2021
461;Fill_116;24;1;Variety_45;Fill;Variety_45;Fill;2021
462;Fill_117;24;2;Variety_45;Fill;Variety_45;Fill;2021
463;Fill_118;24;3;Variety_45;Fill;Variety_45;Fill;2021
464;Fill_119;24;4;Variety_45;Fill;Variety_45;Fill;2021
465;Fill_120;24;5;Variety_45;Fill;Variety_45;Fill;2021
466;Fill_121;24;6;Variety_45;Fill;Variety_45;Fill;2021
467;Fill_122;24;7;Variety_45;Fill;Variety_45;Fill;2021
468;Fill_123;24;8;Variety_45;Fill;Variety_45;Fill;2021
469;Fill_124;24;9;Variety_45;Fill;Variety_45;Fill;2021
470;Fill_125;24;10;Variety_45;Fill;Variety_45;Fill;2021
181;181_Experiment121;25;10;Variety_4;Full;3;Experiment1;2021
182;182_Experiment121;25;9;Variety_3;Full;3;Experiment1;2021
183;183_Experiment121;25;8;Variety_20;Full;3;Experiment1;2021
184;184_Experiment121;25;7;Variety_10;Full;3;Experiment1;2021
185;185_Experiment121;25;6;Variety_8;Full;3;Experiment1;2021
186;186_Experiment121;25;5;Variety_21;Full;3;Experiment1;2021
187;187_Experiment121;25;4;Variety_17;Full;3;Experiment1;2021
188;188_Experiment121;25;3;Variety_28;Full;3;Experiment1;2021
189;189_Experiment121;25;2;Variety_16;Full;3;Experiment1;2021
190;190_Experiment121;25;1;Variety_29;Full;3;Experiment1;2021
375;Fill_069;25;0;Variety_45;Fill;Variety_45;Fill;2021
414;Fill_030;25;-1;Variety_45;Fill;Variety_45;Fill;2021
191;200_Experiment121;26;10;Variety_1;Full;3;Experiment1;2021
192;199_Experiment121;26;9;Variety_30;Full;3;Experiment1;2021
193;198_Experiment121;26;8;Variety_9;Full;3;Experiment1;2021
194;197_Experiment121;26;7;Variety_24;Full;3;Experiment1;2021
195;196_Experiment121;26;6;Variety_13;Full;3;Experiment1;2021
196;195_Experiment121;26;5;Variety_6;Full;3;Experiment1;2021
197;194_Experiment121;26;4;Variety_15;Full;3;Experiment1;2021
198;193_Experiment121;26;3;Variety_22;Full;3;Experiment1;2021
199;192_Experiment121;26;2;Variety_5;Full;3;Experiment1;2021
200;191_Experiment121;26;1;Variety_12;Full;3;Experiment1;2021
376;Fill_070;26;0;Variety_45;Fill;Variety_45;Fill;2021
415;Fill_031;26;-1;Variety_45;Fill;Variety_45;Fill;2021
201;201_Experiment121;27;10;Variety_26;Full;3;Experiment1;2021
202;202_Experiment121;27;9;Variety_18;Full;3;Experiment1;2021
203;203_Experiment121;27;8;Variety_19;Full;3;Experiment1;2021
204;204_Experiment121;27;7;Variety_25;Full;3;Experiment1;2021
205;205_Experiment121;27;6;Variety_23;Full;3;Experiment1;2021
206;206_Experiment121;27;5;Variety_2;Full;3;Experiment1;2021
207;207_Experiment121;27;4;Variety_14;Full;3;Experiment1;2021
208;208_Experiment121;27;3;Variety_11;Full;3;Experiment1;2021
209;209_Experiment121;27;2;Variety_27;Full;3;Experiment1;2021
210;210_Experiment121;27;1;Variety_7;Full;3;Experiment1;2021
377;Fill_071;27;0;Variety_45;Fill;Variety_45;Fill;2021
416;Fill_032;27;-1;Variety_45;Fill;Variety_45;Fill;2021
378;Fill_072;28;0;Variety_45;Fill;Variety_45;Fill;2021
417;Fill_033;28;-1;Variety_45;Fill;Variety_45;Fill;2021
451;Fill_106;28;1;Variety_45;Fill;Variety_45;Fill;2021
452;Fill_107;28;2;Variety_45;Fill;Variety_45;Fill;2021
453;Fill_108;28;3;Variety_45;Fill;Variety_45;Fill;2021
454;Fill_109;28;4;Variety_45;Fill;Variety_45;Fill;2021
455;Fill_110;28;5;Variety_45;Fill;Variety_45;Fill;2021
456;Fill_111;28;6;Variety_45;Fill;Variety_45;Fill;2021
457;Fill_112;28;7;Variety_45;Fill;Variety_45;Fill;2021
458;Fill_113;28;8;Variety_45;Fill;Variety_45;Fill;2021
459;Fill_114;28;9;Variety_45;Fill;Variety_45;Fill;2021
460;Fill_115;28;10;Variety_45;Fill;Variety_45;Fill;2021
211;220_Experiment121;29;10;Variety_25;Optimal;3;Experiment1;2021
212;219_Experiment121;29;9;Variety_20;Optimal;3;Experiment1;2021
213;218_Experiment121;29;8;Variety_1;Optimal;3;Experiment1;2021
214;217_Experiment121;29;7;Variety_13;Optimal;3;Experiment1;2021
215;216_Experiment121;29;6;Variety_6;Optimal;3;Experiment1;2021
216;215_Experiment121;29;5;Variety_27;Optimal;3;Experiment1;2021
217;214_Experiment121;29;4;Variety_19;Optimal;3;Experiment1;2021
218;213_Experiment121;29;3;Variety_14;Optimal;3;Experiment1;2021
219;212_Experiment121;29;2;Variety_15;Optimal;3;Experiment1;2021
220;211_Experiment121;29;1;Variety_23;Optimal;3;Experiment1;2021
379;Fill_073;29;0;Variety_45;Fill;Variety_45;Fill;2021
418;Fill_034;29;-1;Variety_45;Fill;Variety_45;Fill;2021
221;221_Experiment121;30;10;Variety_29;Optimal;3;Experiment1;2021
222;222_Experiment121;30;9;Variety_8;Optimal;3;Experiment1;2021
223;223_Experiment121;30;8;Variety_26;Optimal;3;Experiment1;2021
224;224_Experiment121;30;7;Variety_3;Optimal;3;Experiment1;2021
225;225_Experiment121;30;6;Variety_30;Optimal;3;Experiment1;2021
226;226_Experiment121;30;5;Variety_28;Optimal;3;Experiment1;2021
227;227_Experiment121;30;4;Variety_4;Optimal;3;Experiment1;2021
228;228_Experiment121;30;3;Variety_7;Optimal;3;Experiment1;2021
229;229_Experiment121;30;2;Variety_10;Optimal;3;Experiment1;2021
230;230_Experiment121;30;1;Variety_5;Optimal;3;Experiment1;2021
380;Fill_074;30;0;Variety_45;Fill;Variety_45;Fill;2021
419;Fill_035;30;-1;Variety_45;Fill;Variety_45;Fill;2021
231;240_Experiment121;31;10;Variety_24;Optimal;3;Experiment1;2021
232;239_Experiment121;31;9;Variety_12;Optimal;3;Experiment1;2021
233;238_Experiment121;31;8;Variety_9;Optimal;3;Experiment1;2021
234;237_Experiment121;31;7;Variety_18;Optimal;3;Experiment1;2021
235;236_Experiment121;31;6;Variety_21;Optimal;3;Experiment1;2021
236;235_Experiment121;31;5;Variety_11;Optimal;3;Experiment1;2021
237;234_Experiment121;31;4;Variety_22;Optimal;3;Experiment1;2021
238;233_Experiment121;31;3;Variety_2;Optimal;3;Experiment1;2021
239;232_Experiment121;31;2;Variety_17;Optimal;3;Experiment1;2021
240;231_Experiment121;31;1;Variety_16;Optimal;3;Experiment1;2021
381;Fill_075;31;0;Variety_45;Fill;Variety_45;Fill;2021
420;Fill_036;31;-1;Variety_45;Fill;Variety_45;Fill;2021
382;Fill_076;32;0;Variety_45;Fill;Variety_45;Fill;2021
421;Fill_037;32;-1;Variety_45;Fill;Variety_45;Fill;2021
441;Fill_096;32;1;Variety_45;Fill;Variety_45;Fill;2021
442;Fill_097;32;2;Variety_45;Fill;Variety_45;Fill;2021
443;Fill_098;32;3;Variety_45;Fill;Variety_45;Fill;2021
444;Fill_099;32;4;Variety_45;Fill;Variety_45;Fill;2021
445;Fill_100;32;5;Variety_45;Fill;Variety_45;Fill;2021
446;Fill_101;32;6;Variety_45;Fill;Variety_45;Fill;2021
447;Fill_102;32;7;Variety_45;Fill;Variety_45;Fill;2021
448;Fill_103;32;8;Variety_45;Fill;Variety_45;Fill;2021
449;Fill_104;32;9;Variety_45;Fill;Variety_45;Fill;2021
450;Fill_105;32;10;Variety_45;Fill;Variety_45;Fill;2021
241;241_Experiment121;33;10;Variety_20;Minimal;3;Experiment1;2021
242;242_Experiment121;33;9;Variety_2;Minimal;3;Experiment1;2021
243;243_Experiment121;33;8;Variety_7;Minimal;3;Experiment1;2021
244;244_Experiment121;33;7;Variety_4;Minimal;3;Experiment1;2021
245;245_Experiment121;33;6;Variety_10;Minimal;3;Experiment1;2021
246;246_Experiment121;33;5;Variety_8;Minimal;3;Experiment1;2021
247;247_Experiment121;33;4;Variety_13;Minimal;3;Experiment1;2021
248;248_Experiment121;33;3;Variety_21;Minimal;3;Experiment1;2021
249;249_Experiment121;33;2;Variety_26;Minimal;3;Experiment1;2021
250;250_Experiment121;33;1;Variety_14;Minimal;3;Experiment1;2021
383;Fill_077;33;0;Variety_45;Fill;Variety_45;Fill;2021
422;Fill_038;33;-1;Variety_45;Fill;Variety_45;Fill;2021
251;260_Experiment121;34;10;Variety_3;Minimal;3;Experiment1;2021
252;259_Experiment121;34;9;Variety_18;Minimal;3;Experiment1;2021
253;258_Experiment121;34;8;Variety_17;Minimal;3;Experiment1;2021
254;257_Experiment121;34;7;Variety_25;Minimal;3;Experiment1;2021
255;256_Experiment121;34;6;Variety_28;Minimal;3;Experiment1;2021
256;255_Experiment121;34;5;Variety_12;Minimal;3;Experiment1;2021
257;254_Experiment121;34;4;Variety_19;Minimal;3;Experiment1;2021
258;253_Experiment121;34;3;Variety_16;Minimal;3;Experiment1;2021
259;252_Experiment121;34;2;Variety_1;Minimal;3;Experiment1;2021
260;251_Experiment121;34;1;Variety_29;Minimal;3;Experiment1;2021
384;Fill_078;34;0;Variety_45;Fill;Variety_45;Fill;2021
423;Fill_039;34;-1;Variety_45;Fill;Variety_45;Fill;2021
261;261_Experiment121;35;10;Variety_27;Minimal;3;Experiment1;2021
262;262_Experiment121;35;9;Variety_30;Minimal;3;Experiment1;2021
263;263_Experiment121;35;8;Variety_5;Minimal;3;Experiment1;2021
264;264_Experiment121;35;7;Variety_23;Minimal;3;Experiment1;2021
265;265_Experiment121;35;6;Variety_24;Minimal;3;Experiment1;2021
266;266_Experiment121;35;5;Variety_9;Minimal;3;Experiment1;2021
267;267_Experiment121;35;4;Variety_6;Minimal;3;Experiment1;2021
268;268_Experiment121;35;3;Variety_22;Minimal;3;Experiment1;2021
269;269_Experiment121;35;2;Variety_11;Minimal;3;Experiment1;2021
270;270_Experiment121;35;1;Variety_15;Minimal;3;Experiment1;2021
424;Fill_079;35;0;Variety_45;Fill;Variety_45;Fill;2021
425;Fill_080;36;0;Variety_45;Fill;Variety_45;Fill;2021
431;Fill_086;36;1;Variety_45;Fill;Variety_45;Fill;2021
432;Fill_087;36;2;Variety_45;Fill;Variety_45;Fill;2021
433;Fill_088;36;3;Variety_45;Fill;Variety_45;Fill;2021
434;Fill_089;36;4;Variety_45;Fill;Variety_45;Fill;2021
435;Fill_090;36;5;Variety_45;Fill;Variety_45;Fill;2021
436;Fill_091;36;6;Variety_45;Fill;Variety_45;Fill;2021
437;Fill_092;36;7;Variety_45;Fill;Variety_45;Fill;2021
438;Fill_093;36;8;Variety_45;Fill;Variety_45;Fill;2021
439;Fill_094;36;9;Variety_45;Fill;Variety_45;Fill;2021
440;Fill_095;36;10;Variety_45;Fill;Variety_45;Fill;2021
426;Fill_081;37;0;Variety_45;Fill;Variety_45;Fill;2021
427;Fill_082;37;1;Variety_45;Fill;Variety_45;Fill;2021
428;Fill_083;37;2;Variety_45;Fill;Variety_45;Fill;2021
429;Fill_084;37;3;Variety_45;Fill;Variety_45;Fill;2021
430;Fill_085;37;4;Variety_45;Fill;Variety_45;Fill;2021